n,m,time_seconds,flow,graph_file
10,13,3.87581320000000007,427,.\grid_n10_d5_seed0.max
10,13,3.86482640000000011,427,.\grid_n10_d5_seed0.max
10,13,3.93789470000000019,427,.\grid_n10_d5_seed0.max
10,13,3.88550899999999988,427,.\grid_n10_d5_seed0.max
